{
  "id": "Zamorozka 0.5",
  "family": "unknown",
  "time": "2021-04-27T14:33:51.071Z",
  "releaseTime": "2017-09-18T08:39:46Z",
  "type": "release",
  "minecraftArguments": "--username ${auth_player_name} --version ${version_name} --gameDir ${game_directory} --assetsDir ${assets_root} --assetIndex ${assets_index_name} --uuid ${auth_uuid} --accessToken ${auth_access_token} --userType ${user_type} --versionType ${version_type}",
  "mainClass": "misc.tweaker.StubMain",
  "minimumLauncherVersion": 18,
  "tlauncherVersion": 0,
  "libraries": [
    {
      "name": "com.mojang:patchy:1.1"
    },
    {
      "name": "oshi-project:oshi-core:1.1"
    },
    {
      "name": "net.java.dev.jna:jna:4.4.0"
    },
    {
      "name": "net.java.dev.jna:platform:3.4.0"
    },
    {
      "name": "com.ibm.icu:icu4j-core-mojang:51.2"
    },
    {
      "name": "net.sf.jopt-simple:jopt-simple:5.0.3"
    },
    {
      "name": "com.paulscode:codecjorbis:20101023"
    },
    {
      "name": "com.paulscode:codecwav:20101023"
    },
    {
      "name": "com.paulscode:libraryjavasound:20101123"
    },
    {
      "name": "com.paulscode:librarylwjglopenal:20100824"
    },
    {
      "name": "com.paulscode:soundsystem:20120107"
    },
    {
      "name": "io.netty:netty-all:4.1.9.Final"
    },
    {
      "name": "com.google.guava:guava:21.0"
    },
    {
      "name": "org.apache.commons:commons-lang3:3.5"
    },
    {
      "name": "commons-io:commons-io:2.5"
    },
    {
      "name": "commons-codec:commons-codec:1.10"
    },
    {
      "name": "net.java.jinput:jinput:2.0.5"
    },
    {
      "name": "net.java.jutils:jutils:1.0.0"
    },
    {
      "name": "com.google.code.gson:gson:2.8.0"
    },
    {
      "name": "com.mojang:authlib:1.5.25"
    },
    {
      "name": "com.mojang:realms:1.10.22"
    },
    {
      "name": "org.apache.commons:commons-compress:1.8.1"
    },
    {
      "name": "org.apache.httpcomponents:httpclient:4.3.3"
    },
    {
      "name": "commons-logging:commons-logging:1.1.3"
    },
    {
      "name": "org.apache.httpcomponents:httpcore:4.3.2"
    },
    {
      "name": "it.unimi.dsi:fastutil:7.1.0"
    },
    {
      "name": "org.apache.logging.log4j:log4j-api:2.8.1"
    },
    {
      "name": "org.apache.logging.log4j:log4j-core:2.8.1"
    },
    {
      "name": "org.lwjgl.lwjgl:lwjgl:2.9.4-nightly-20150209",
      "rules": [
        {
          "action": "allow"
        },
        {
          "action": "disallow",
          "os": {
            "name": "osx"
          }
        }
      ]
    },
    {
      "name": "org.lwjgl.lwjgl:lwjgl_util:2.9.4-nightly-20150209",
      "rules": [
        {
          "action": "allow"
        },
        {
          "action": "disallow",
          "os": {
            "name": "osx"
          }
        }
      ]
    },
    {
      "name": "org.lwjgl.lwjgl:lwjgl-platform:2.9.4-nightly-20150209",
      "rules": [
        {
          "action": "allow"
        },
        {
          "action": "disallow",
          "os": {
            "name": "osx"
          }
        }
      ],
      "natives": {
        "linux": "natives-linux",
        "osx": "natives-osx",
        "windows": "natives-windows"
      },
      "extract": {
        "exclude": [
          "META-INF/"
        ]
      }
    },
    {
      "name": "org.lwjgl.lwjgl:lwjgl:2.9.2-nightly-20140822",
      "rules": [
        {
          "action": "allow",
          "os": {
            "name": "osx"
          }
        }
      ]
    },
    {
      "name": "org.lwjgl.lwjgl:lwjgl_util:2.9.2-nightly-20140822",
      "rules": [
        {
          "action": "allow",
          "os": {
            "name": "osx"
          }
        }
      ]
    },
    {
      "name": "org.lwjgl.lwjgl:lwjgl-platform:2.9.2-nightly-20140822",
      "rules": [
        {
          "action": "allow",
          "os": {
            "name": "osx"
          }
        }
      ],
      "natives": {
        "linux": "natives-linux",
        "osx": "natives-osx",
        "windows": "natives-windows"
      },
      "extract": {
        "exclude": [
          "META-INF/"
        ]
      }
    },
    {
      "name": "net.java.jinput:jinput-platform:2.0.5",
      "natives": {
        "linux": "natives-linux",
        "osx": "natives-osx",
        "windows": "natives-windows"
      },
      "extract": {
        "exclude": [
          "META-INF/"
        ]
      }
    },
    {
      "name": "com.mojang:text2speech:1.10.3"
    },
    {
      "name": "com.mojang:text2speech:1.10.3",
      "natives": {
        "linux": "natives-linux",
        "windows": "natives-windows"
      },
      "extract": {
        "exclude": [
          "META-INF/"
        ]
      }
    },
    {
      "name": "ca.weblite:java-objc-bridge:1.0.0",
      "rules": [
        {
          "action": "allow",
          "os": {
            "name": "osx"
          }
        }
      ],
      "natives": {
        "osx": "natives-osx"
      },
      "extract": {
        "exclude": [
          "META-INF/"
        ]
      }
    },
    {
      "name": "ca.weblite:java-objc-bridge:1.0.0",
      "rules": [
        {
          "action": "allow",
          "os": {
            "name": "osx"
          }
        }
      ]
    },
    {
      "name": "misc:tweaker:1.2",
      "url": "https://tlrepo.cc/mvn/"
    },
    {
      "name": "misc:tweaker:net.minecraft.client.main.Main",
      "downloads": {
        "artifact": {
          "path": "stub.jar",
          "sha1": "4945c72dcb218aecd981bb3f38e91160b5ae6c08",
          "size": 470,
          "url": "https://tlrepo.cc/mvn/misc/tweaker/net.minecraft.client.main.Main/stub.jar"
        }
      }
    }
  ],
  "downloads": {},
  "assets": "1.12"
}